Name,Group
Kabahen,9
Jkeith1,1
Opal,4
EhishTrait,6
Jennaris,8
Jilorat,8
On,5
Amberella,6
Sugar Boots,8
Solarianthi,1
Moeix,1
Arison,2
Mamoson,3
Honorah,3
graphic crowe,8
Serephim,9
Prancier,9
Kmin12,9
Bace,2
Wumbas,5
OsirisTheGrand,5
BC Hawk Eyes,6
Ryelos,8
Tredstone,10
PurpllMoon,1
Susanaah,2
Mam Its Mam,3
Gloiben,4
Myschif,7
reemarkable,4
FattyVins,6
FoginTheNoggin,9
Halby,10
FineCheese,7
Isoleucine,7
Ikarea,10
Tummisticks,1
Roguesolo,3
Ratmandu Too,4
DarkSilhouette,5
Sir Mixalott,5
xUndy1ngx,10
Derp Wigglies,2
Bnidoking,2
HelixMx.,3
Attila the Hyun,4
Nudan,6
Nyvette,7
William Ashford,7
GregorCatanovich,10
